Applicable At,Applicable For,Data Item,Value,Generated Time,Quality Indicator
28/05/2024 01:00:00,28/05/2024,"NTS Energy Offtaken, Powerstations Total",197,29/05/2024 10:01:01,L
27/05/2024 01:00:00,27/05/2024,"NTS Energy Offtaken, Industrial Offtake Total",41630790,28/05/2024 16:01:01,A
27/05/2024 01:00:00,27/05/2024,"NTS Energy Offtaken, LDZ Offtake Total",671884361,28/05/2024 16:01:01,A
27/05/2024 01:00:00,27/05/2024,"NTS Energy Offtaken, Powerstations Total",209384525,28/05/2024 12:01:01,A
26/05/2024 01:00:00,26/05/2024,"NTS Energy Offtaken, Industrial Offtake Total",40509731,28/05/2024 12:01:01,A
26/05/2024 01:00:00,26/05/2024,"NTS Energy Offtaken, LDZ Offtake Total",635291544,28/05/2024 12:01:01,A
26/05/2024 01:00:00,26/05/2024,"NTS Energy Offtaken, Powerstations Total",162075775,28/05/2024 12:01:01,A
25/05/2024 01:00:00,25/05/2024,"NTS Energy Offtaken, Industrial Offtake Total",42329181,26/05/2024 12:01:00,L
25/05/2024 01:00:00,25/05/2024,"NTS Energy Offtaken, LDZ Offtake Total",614681448,28/05/2024 16:01:01,A
25/05/2024 01:00:00,25/05/2024,"NTS Energy Offtaken, Powerstations Total",214569701,28/05/2024 12:01:01,A
24/05/2024 01:00:00,24/05/2024,"NTS Energy Offtaken, Industrial Offtake Total",50352898,28/05/2024 16:01:01,A
24/05/2024 01:00:00,24/05/2024,"NTS Energy Offtaken, LDZ Offtake Total",812358104,28/05/2024 16:01:01,A
24/05/2024 01:00:00,24/05/2024,"NTS Energy Offtaken, Powerstations Total",496092854,28/05/2024 16:01:01,A
23/05/2024 01:00:00,23/05/2024,"NTS Energy Offtaken, Industrial Offtake Total",41564348,24/05/2024 14:01:00,A
23/05/2024 01:00:00,23/05/2024,"NTS Energy Offtaken, LDZ Offtake Total",834434422,24/05/2024 14:01:00,A
23/05/2024 01:00:00,23/05/2024,"NTS Energy Offtaken, Powerstations Total",267429647,24/05/2024 16:01:00,A
22/05/2024 01:00:00,22/05/2024,"NTS Energy Offtaken, Industrial Offtake Total",42313440,23/05/2024 14:01:00,A
22/05/2024 01:00:00,22/05/2024,"NTS Energy Offtaken, LDZ Offtake Total",775158901,24/05/2024 14:01:00,A
22/05/2024 01:00:00,22/05/2024,"NTS Energy Offtaken, Powerstations Total",256608020,25/05/2024 12:01:01,A
21/05/2024 01:00:00,21/05/2024,"NTS Energy Offtaken, Industrial Offtake Total",42043117,23/05/2024 14:01:00,A
21/05/2024 01:00:00,21/05/2024,"NTS Energy Offtaken, LDZ Offtake Total",725330657,25/05/2024 12:01:01,A
21/05/2024 01:00:00,21/05/2024,"NTS Energy Offtaken, Powerstations Total",491792831,24/05/2024 14:01:00,A
20/05/2024 01:00:00,20/05/2024,"NTS Energy Offtaken, Industrial Offtake Total",41018262,21/05/2024 12:01:00,L
20/05/2024 01:00:00,20/05/2024,"NTS Energy Offtaken, LDZ Offtake Total",651305407,24/05/2024 14:01:00,A
20/05/2024 01:00:00,20/05/2024,"NTS Energy Offtaken, Powerstations Total",373773265,24/05/2024 14:01:00,A
19/05/2024 01:00:00,19/05/2024,"NTS Energy Offtaken, Industrial Offtake Total",38573405,22/05/2024 14:01:01,A
19/05/2024 01:00:00,19/05/2024,"NTS Energy Offtaken, LDZ Offtake Total",586889227,24/05/2024 14:01:00,A
19/05/2024 01:00:00,19/05/2024,"NTS Energy Offtaken, Powerstations Total",251475247,24/05/2024 14:01:00,A
18/05/2024 01:00:00,18/05/2024,"NTS Energy Offtaken, Industrial Offtake Total",40299324,22/05/2024 14:01:01,A
18/05/2024 01:00:00,18/05/2024,"NTS Energy Offtaken, LDZ Offtake Total",578229440,21/05/2024 14:01:00,A
18/05/2024 01:00:00,18/05/2024,"NTS Energy Offtaken, Powerstations Total",327798207,21/05/2024 12:01:00,A
17/05/2024 01:00:00,17/05/2024,"NTS Energy Offtaken, Industrial Offtake Total",44756809,18/05/2024 14:01:00,A
17/05/2024 01:00:00,17/05/2024,"NTS Energy Offtaken, LDZ Offtake Total",637943965,21/05/2024 14:01:00,A
17/05/2024 01:00:00,17/05/2024,"NTS Energy Offtaken, Powerstations Total",475482495,21/05/2024 12:01:00,A
16/05/2024 01:00:00,16/05/2024,"NTS Energy Offtaken, Industrial Offtake Total",40064137,17/05/2024 14:01:00,A
16/05/2024 01:00:00,16/05/2024,"NTS Energy Offtaken, LDZ Offtake Total",722852277,18/05/2024 12:01:00,A
16/05/2024 01:00:00,16/05/2024,"NTS Energy Offtaken, Powerstations Total",491028096,21/05/2024 12:01:00,A
15/05/2024 01:00:00,15/05/2024,"NTS Energy Offtaken, Industrial Offtake Total",47090806,16/05/2024 14:01:01,A
15/05/2024 01:00:00,15/05/2024,"NTS Energy Offtaken, LDZ Offtake Total",694801650,20/05/2024 14:01:00,A
15/05/2024 01:00:00,15/05/2024,"NTS Energy Offtaken, Powerstations Total",483563217,20/05/2024 12:01:00,A
14/05/2024 01:00:00,14/05/2024,"NTS Energy Offtaken, Industrial Offtake Total",45663396,15/05/2024 16:31:00,A
14/05/2024 01:00:00,14/05/2024,"NTS Energy Offtaken, LDZ Offtake Total",680677923,17/05/2024 14:01:00,A
14/05/2024 01:00:00,14/05/2024,"NTS Energy Offtaken, Powerstations Total",391130385,17/05/2024 14:01:00,A
13/05/2024 01:00:00,13/05/2024,"NTS Energy Offtaken, Industrial Offtake Total",38539142,15/05/2024 12:01:01,A
13/05/2024 01:00:00,13/05/2024,"NTS Energy Offtaken, LDZ Offtake Total",647086937,14/05/2024 16:01:00,A
13/05/2024 01:00:00,13/05/2024,"NTS Energy Offtaken, Powerstations Total",286250275,17/05/2024 14:01:00,A
12/05/2024 01:00:00,12/05/2024,"NTS Energy Offtaken, Industrial Offtake Total",40288373,15/05/2024 12:01:01,A
12/05/2024 01:00:00,12/05/2024,"NTS Energy Offtaken, LDZ Offtake Total",546892056,14/05/2024 14:01:00,A
12/05/2024 01:00:00,12/05/2024,"NTS Energy Offtaken, Powerstations Total",177187214,14/05/2024 14:01:00,A
11/05/2024 01:00:00,11/05/2024,"NTS Energy Offtaken, Industrial Offtake Total",43118519,15/05/2024 12:01:01,A
11/05/2024 01:00:00,11/05/2024,"NTS Energy Offtaken, LDZ Offtake Total",552708142,16/05/2024 14:01:01,A
11/05/2024 01:00:00,11/05/2024,"NTS Energy Offtaken, Powerstations Total",174247594,13/05/2024 12:01:01,A
10/05/2024 01:00:00,10/05/2024,"NTS Energy Offtaken, Industrial Offtake Total",44451849,15/05/2024 12:01:01,A
10/05/2024 01:00:00,10/05/2024,"NTS Energy Offtaken, LDZ Offtake Total",616841736,15/05/2024 16:31:00,A
10/05/2024 01:00:00,10/05/2024,"NTS Energy Offtaken, Powerstations Total",373960831,12/05/2024 12:01:00,A
09/05/2024 01:00:00,09/05/2024,"NTS Energy Offtaken, Industrial Offtake Total",44334882,10/05/2024 14:01:01,A
09/05/2024 01:00:00,09/05/2024,"NTS Energy Offtaken, LDZ Offtake Total",698000681,14/05/2024 14:01:00,A
09/05/2024 01:00:00,09/05/2024,"NTS Energy Offtaken, Powerstations Total",392988770,11/05/2024 14:01:00,A
08/05/2024 01:00:00,08/05/2024,"NTS Energy Offtaken, Industrial Offtake Total",42988998,10/05/2024 14:01:01,A
08/05/2024 01:00:00,08/05/2024,"NTS Energy Offtaken, LDZ Offtake Total",752843617,10/05/2024 14:01:01,A
08/05/2024 01:00:00,08/05/2024,"NTS Energy Offtaken, Powerstations Total",428710727,12/05/2024 12:01:00,A
07/05/2024 01:00:00,07/05/2024,"NTS Energy Offtaken, Industrial Offtake Total",43066693,10/05/2024 14:01:01,A
07/05/2024 01:00:00,07/05/2024,"NTS Energy Offtaken, LDZ Offtake Total",814796699,10/05/2024 14:01:01,A
07/05/2024 01:00:00,07/05/2024,"NTS Energy Offtaken, Powerstations Total",474023485,10/05/2024 12:01:01,A
06/05/2024 01:00:00,06/05/2024,"NTS Energy Offtaken, Industrial Offtake Total",44877286,10/05/2024 12:01:01,A
06/05/2024 01:00:00,06/05/2024,"NTS Energy Offtaken, LDZ Offtake Total",875537459,09/05/2024 14:01:01,A
06/05/2024 01:00:00,06/05/2024,"NTS Energy Offtaken, Powerstations Total",415538156,09/05/2024 14:01:01,A
05/05/2024 01:00:00,05/05/2024,"NTS Energy Offtaken, Industrial Offtake Total",45424316,06/05/2024 14:01:00,A
05/05/2024 01:00:00,05/05/2024,"NTS Energy Offtaken, LDZ Offtake Total",833308485,09/05/2024 14:01:01,A
05/05/2024 01:00:00,05/05/2024,"NTS Energy Offtaken, Powerstations Total",383495317,08/05/2024 16:01:01,A
04/05/2024 01:00:00,04/05/2024,"NTS Energy Offtaken, Industrial Offtake Total",44556039,05/05/2024 12:01:01,L
04/05/2024 01:00:00,04/05/2024,"NTS Energy Offtaken, LDZ Offtake Total",930663965,09/05/2024 14:01:01,A
04/05/2024 01:00:00,04/05/2024,"NTS Energy Offtaken, Powerstations Total",336173141,08/05/2024 16:01:01,A
03/05/2024 01:00:00,03/05/2024,"NTS Energy Offtaken, Industrial Offtake Total",41636729,07/05/2024 12:01:01,A
03/05/2024 01:00:00,03/05/2024,"NTS Energy Offtaken, LDZ Offtake Total",1097363107,08/05/2024 14:01:01,A
03/05/2024 01:00:00,03/05/2024,"NTS Energy Offtaken, Powerstations Total",322400255,08/05/2024 16:01:01,A
02/05/2024 01:00:00,02/05/2024,"NTS Energy Offtaken, Industrial Offtake Total",41961466,03/05/2024 12:01:01,L
02/05/2024 01:00:00,02/05/2024,"NTS Energy Offtaken, LDZ Offtake Total",947986787,07/05/2024 16:01:01,A
02/05/2024 01:00:00,02/05/2024,"NTS Energy Offtaken, Powerstations Total",189651135,07/05/2024 16:01:01,A
01/05/2024 01:00:00,01/05/2024,"NTS Energy Offtaken, Industrial Offtake Total",42936538,02/05/2024 16:01:01,A
01/05/2024 01:00:00,01/05/2024,"NTS Energy Offtaken, LDZ Offtake Total",927029178,03/05/2024 16:01:01,A
01/05/2024 01:00:00,01/05/2024,"NTS Energy Offtaken, Powerstations Total",328465699,02/05/2024 12:01:01,A
30/04/2024 01:00:00,30/04/2024,"NTS Energy Offtaken, Industrial Offtake Total",41242365,01/05/2024 14:01:01,A
30/04/2024 01:00:00,30/04/2024,"NTS Energy Offtaken, LDZ Offtake Total",1012240247,03/05/2024 14:01:00,A
30/04/2024 01:00:00,30/04/2024,"NTS Energy Offtaken, Powerstations Total",190976848,02/05/2024 14:01:00,A
29/04/2024 01:00:00,29/04/2024,"NTS Energy Offtaken, Industrial Offtake Total",42724968,30/04/2024 16:01:01,A
29/04/2024 01:00:00,29/04/2024,"NTS Energy Offtaken, LDZ Offtake Total",1266363125,03/05/2024 14:01:00,A
29/04/2024 01:00:00,29/04/2024,"NTS Energy Offtaken, Powerstations Total",194631390,01/05/2024 16:01:00,A
28/04/2024 01:00:00,28/04/2024,"NTS Energy Offtaken, Industrial Offtake Total",39143434,29/04/2024 14:01:01,A
28/04/2024 01:00:00,28/04/2024,"NTS Energy Offtaken, LDZ Offtake Total",1372545898,03/05/2024 14:01:00,A
28/04/2024 01:00:00,28/04/2024,"NTS Energy Offtaken, Powerstations Total",178879855,30/04/2024 16:01:01,A
27/04/2024 01:00:00,27/04/2024,"NTS Energy Offtaken, Industrial Offtake Total",42404084,28/04/2024 12:01:01,L
27/04/2024 01:00:00,27/04/2024,"NTS Energy Offtaken, LDZ Offtake Total",1402648983,02/05/2024 14:01:00,A
27/04/2024 01:00:00,27/04/2024,"NTS Energy Offtaken, Powerstations Total",323906213,30/04/2024 16:01:01,A
26/04/2024 01:00:00,26/04/2024,"NTS Energy Offtaken, Industrial Offtake Total",41657294,27/04/2024 14:01:01,A
26/04/2024 01:00:00,26/04/2024,"NTS Energy Offtaken, LDZ Offtake Total",1429596093,29/04/2024 16:01:01,A
26/04/2024 01:00:00,26/04/2024,"NTS Energy Offtaken, Powerstations Total",538721683,27/04/2024 12:01:00,A
25/04/2024 01:00:00,25/04/2024,"NTS Energy Offtaken, Industrial Offtake Total",41163129,26/04/2024 12:01:01,L
25/04/2024 01:00:00,25/04/2024,"NTS Energy Offtaken, LDZ Offtake Total",1538017639,26/04/2024 14:01:01,A
25/04/2024 01:00:00,25/04/2024,"NTS Energy Offtaken, Powerstations Total",540252286,26/04/2024 12:01:01,A
24/04/2024 01:00:00,24/04/2024,"NTS Energy Offtaken, Industrial Offtake Total",42656334,25/04/2024 14:01:00,A
24/04/2024 01:00:00,24/04/2024,"NTS Energy Offtaken, LDZ Offtake Total",1469511490,25/04/2024 16:01:01,A
24/04/2024 01:00:00,24/04/2024,"NTS Energy Offtaken, Powerstations Total",407555431,26/04/2024 12:01:01,A
23/04/2024 01:00:00,23/04/2024,"NTS Energy Offtaken, Industrial Offtake Total",45494144,24/04/2024 14:01:01,A
23/04/2024 01:00:00,23/04/2024,"NTS Energy Offtaken, LDZ Offtake Total",1419859574,24/04/2024 16:01:00,A
23/04/2024 01:00:00,23/04/2024,"NTS Energy Offtaken, Powerstations Total",400772464,26/04/2024 12:01:01,A
22/04/2024 01:00:00,22/04/2024,"NTS Energy Offtaken, Industrial Offtake Total",57672113,23/04/2024 16:01:01,A
22/04/2024 01:00:00,22/04/2024,"NTS Energy Offtaken, LDZ Offtake Total",1478790688,26/04/2024 14:01:01,A
22/04/2024 01:00:00,22/04/2024,"NTS Energy Offtaken, Powerstations Total",604776994,23/04/2024 16:01:01,A
21/04/2024 01:00:00,21/04/2024,"NTS Energy Offtaken, Industrial Offtake Total",42284932,23/04/2024 12:01:01,A
21/04/2024 01:00:00,21/04/2024,"NTS Energy Offtaken, LDZ Offtake Total",1257669408,26/04/2024 14:01:01,A
21/04/2024 01:00:00,21/04/2024,"NTS Energy Offtaken, Powerstations Total",285881901,23/04/2024 16:01:01,A
20/04/2024 01:00:00,20/04/2024,"NTS Energy Offtaken, Industrial Offtake Total",40288518,23/04/2024 12:01:01,A
20/04/2024 01:00:00,20/04/2024,"NTS Energy Offtaken, LDZ Offtake Total",1259098918,24/04/2024 12:01:01,A
20/04/2024 01:00:00,20/04/2024,"NTS Energy Offtaken, Powerstations Total",172355652,23/04/2024 12:01:01,A
19/04/2024 01:00:00,19/04/2024,"NTS Energy Offtaken, Industrial Offtake Total",42315280,22/04/2024 16:01:01,A
19/04/2024 01:00:00,19/04/2024,"NTS Energy Offtaken, LDZ Offtake Total",1306256573,24/04/2024 12:01:01,A
19/04/2024 01:00:00,19/04/2024,"NTS Energy Offtaken, Powerstations Total",133612198,22/04/2024 16:01:01,A
18/04/2024 01:00:00,18/04/2024,"NTS Energy Offtaken, Industrial Offtake Total",42220212,22/04/2024 16:01:01,A
18/04/2024 01:00:00,18/04/2024,"NTS Energy Offtaken, LDZ Offtake Total",1463104573,22/04/2024 16:01:01,A
18/04/2024 01:00:00,18/04/2024,"NTS Energy Offtaken, Powerstations Total",219634573,23/04/2024 12:01:01,A
17/04/2024 01:00:00,17/04/2024,"NTS Energy Offtaken, Industrial Offtake Total",41928797,18/04/2024 14:01:01,A
17/04/2024 01:00:00,17/04/2024,"NTS Energy Offtaken, LDZ Offtake Total",1476067316,19/04/2024 16:01:00,A
17/04/2024 01:00:00,17/04/2024,"NTS Energy Offtaken, Powerstations Total",345433669,22/04/2024 16:01:01,A
16/04/2024 01:00:00,16/04/2024,"NTS Energy Offtaken, Industrial Offtake Total",36769407,17/04/2024 16:01:00,A
16/04/2024 01:00:00,16/04/2024,"NTS Energy Offtaken, LDZ Offtake Total",1376877756,19/04/2024 16:01:00,A
16/04/2024 01:00:00,16/04/2024,"NTS Energy Offtaken, Powerstations Total",156903669,20/04/2024 12:01:01,A
15/04/2024 01:00:00,15/04/2024,"NTS Energy Offtaken, Industrial Offtake Total",29810213,16/04/2024 12:01:01,L
15/04/2024 01:00:00,15/04/2024,"NTS Energy Offtaken, LDZ Offtake Total",1387521424,16/04/2024 16:01:01,A
15/04/2024 01:00:00,15/04/2024,"NTS Energy Offtaken, Powerstations Total",104559011,17/04/2024 14:01:01,A
14/04/2024 01:00:00,14/04/2024,"NTS Energy Offtaken, Industrial Offtake Total",36207241,15/04/2024 12:01:01,L
14/04/2024 01:00:00,14/04/2024,"NTS Energy Offtaken, LDZ Offtake Total",1089043569,16/04/2024 12:01:01,A
14/04/2024 01:00:00,14/04/2024,"NTS Energy Offtaken, Powerstations Total",149376424,16/04/2024 12:01:01,A
13/04/2024 01:00:00,13/04/2024,"NTS Energy Offtaken, Industrial Offtake Total",39390864,14/04/2024 14:01:00,L
13/04/2024 01:00:00,13/04/2024,"NTS Energy Offtaken, LDZ Offtake Total",917095159,18/04/2024 16:01:01,A
13/04/2024 01:00:00,13/04/2024,"NTS Energy Offtaken, Powerstations Total",130075114,17/04/2024 14:01:01,A
12/04/2024 01:00:00,12/04/2024,"NTS Energy Offtaken, Industrial Offtake Total",39951236,13/04/2024 12:01:01,L
12/04/2024 01:00:00,12/04/2024,"NTS Energy Offtaken, LDZ Offtake Total",931511836,15/04/2024 14:01:01,A
12/04/2024 01:00:00,12/04/2024,"NTS Energy Offtaken, Powerstations Total",118706169,14/04/2024 14:01:00,A
11/04/2024 01:00:00,11/04/2024,"NTS Energy Offtaken, Industrial Offtake Total",39001249,12/04/2024 14:01:00,A
11/04/2024 01:00:00,11/04/2024,"NTS Energy Offtaken, LDZ Offtake Total",1037104179,12/04/2024 14:01:00,A
11/04/2024 01:00:00,11/04/2024,"NTS Energy Offtaken, Powerstations Total",175610027,12/04/2024 14:01:00,A
10/04/2024 01:00:00,10/04/2024,"NTS Energy Offtaken, Industrial Offtake Total",39907150,12/04/2024 14:01:00,A
10/04/2024 01:00:00,10/04/2024,"NTS Energy Offtaken, LDZ Offtake Total",1471087481,11/04/2024 14:01:00,A
10/04/2024 01:00:00,10/04/2024,"NTS Energy Offtaken, Powerstations Total",175203754,11/04/2024 16:01:00,A
09/04/2024 01:00:00,09/04/2024,"NTS Energy Offtaken, Industrial Offtake Total",40254646,10/04/2024 14:01:01,A
09/04/2024 01:00:00,09/04/2024,"NTS Energy Offtaken, LDZ Offtake Total",1421768533,12/04/2024 16:01:00,A
09/04/2024 01:00:00,09/04/2024,"NTS Energy Offtaken, Powerstations Total",112296415,10/04/2024 14:01:01,A
08/04/2024 01:00:00,08/04/2024,"NTS Energy Offtaken, Industrial Offtake Total",41443976,11/04/2024 14:01:00,A
08/04/2024 01:00:00,08/04/2024,"NTS Energy Offtaken, LDZ Offtake Total",1185972539,12/04/2024 14:01:00,A
08/04/2024 01:00:00,08/04/2024,"NTS Energy Offtaken, Powerstations Total",351650157,10/04/2024 14:01:01,A
07/04/2024 01:00:00,07/04/2024,"NTS Energy Offtaken, Industrial Offtake Total",32553395,08/04/2024 12:01:01,L
07/04/2024 01:00:00,07/04/2024,"NTS Energy Offtaken, LDZ Offtake Total",1051910892,10/04/2024 16:01:00,A
07/04/2024 01:00:00,07/04/2024,"NTS Energy Offtaken, Powerstations Total",136404540,09/04/2024 16:01:00,A
06/04/2024 01:00:00,06/04/2024,"NTS Energy Offtaken, Industrial Offtake Total",31918953,08/04/2024 12:01:01,A
06/04/2024 01:00:00,06/04/2024,"NTS Energy Offtaken, LDZ Offtake Total",938745336,10/04/2024 16:01:00,A
06/04/2024 01:00:00,06/04/2024,"NTS Energy Offtaken, Powerstations Total",122707425,09/04/2024 12:01:00,A
05/04/2024 01:00:00,05/04/2024,"NTS Energy Offtaken, Industrial Offtake Total",38246508,07/04/2024 12:01:00,A
05/04/2024 01:00:00,05/04/2024,"NTS Energy Offtaken, LDZ Offtake Total",1139287263,09/04/2024 14:01:00,A
05/04/2024 01:00:00,05/04/2024,"NTS Energy Offtaken, Powerstations Total",101044707,09/04/2024 12:01:00,A
04/04/2024 01:00:00,04/04/2024,"NTS Energy Offtaken, Industrial Offtake Total",58559415,05/04/2024 16:01:01,A
04/04/2024 01:00:00,04/04/2024,"NTS Energy Offtaken, LDZ Offtake Total",1362459031,05/04/2024 16:01:01,A
04/04/2024 01:00:00,04/04/2024,"NTS Energy Offtaken, Powerstations Total",348605826,08/04/2024 14:01:00,A
03/04/2024 01:00:00,03/04/2024,"NTS Energy Offtaken, Industrial Offtake Total",52013932,04/04/2024 12:01:01,L
03/04/2024 01:00:00,03/04/2024,"NTS Energy Offtaken, LDZ Offtake Total",1386886006,04/04/2024 14:01:00,A
03/04/2024 01:00:00,03/04/2024,"NTS Energy Offtaken, Powerstations Total",224553346,04/04/2024 14:01:00,A
02/04/2024 01:00:00,02/04/2024,"NTS Energy Offtaken, Industrial Offtake Total",53855590,03/04/2024 14:01:01,A
02/04/2024 01:00:00,02/04/2024,"NTS Energy Offtaken, LDZ Offtake Total",1390804467,07/04/2024 14:01:00,A
02/04/2024 01:00:00,02/04/2024,"NTS Energy Offtaken, Powerstations Total",403501281,04/04/2024 14:01:00,A
01/04/2024 01:00:00,01/04/2024,"NTS Energy Offtaken, Industrial Offtake Total",50895670,02/04/2024 16:01:00,A
01/04/2024 01:00:00,01/04/2024,"NTS Energy Offtaken, LDZ Offtake Total",1381516576,04/04/2024 16:01:01,A
01/04/2024 01:00:00,01/04/2024,"NTS Energy Offtaken, Powerstations Total",224632582,03/04/2024 14:01:01,A
31/03/2024 00:00:00,31/03/2024,"NTS Energy Offtaken, Industrial Offtake Total",46369323,02/04/2024 16:01:00,A
31/03/2024 00:00:00,31/03/2024,"NTS Energy Offtaken, LDZ Offtake Total",1297908317,03/04/2024 14:01:01,A
31/03/2024 00:00:00,31/03/2024,"NTS Energy Offtaken, Powerstations Total",207574301,04/04/2024 12:01:01,A
30/03/2024 00:00:00,30/03/2024,"NTS Energy Offtaken, Industrial Offtake Total",45125338,02/04/2024 16:01:00,A
30/03/2024 00:00:00,30/03/2024,"NTS Energy Offtaken, LDZ Offtake Total",1188515874,03/04/2024 14:01:01,A
30/03/2024 00:00:00,30/03/2024,"NTS Energy Offtaken, Powerstations Total",331719263,03/04/2024 14:01:01,A
29/03/2024 00:00:00,29/03/2024,"NTS Energy Offtaken, Industrial Offtake Total",46134125,02/04/2024 16:01:00,A
29/03/2024 00:00:00,29/03/2024,"NTS Energy Offtaken, LDZ Offtake Total",1463772986,03/04/2024 17:01:01,A
29/03/2024 00:00:00,29/03/2024,"NTS Energy Offtaken, Powerstations Total",230508720,01/04/2024 12:01:00,A
28/03/2024 00:00:00,28/03/2024,"NTS Energy Offtaken, Industrial Offtake Total",45616281,29/03/2024 12:01:01,L
28/03/2024 00:00:00,28/03/2024,"NTS Energy Offtaken, LDZ Offtake Total",1748979874,02/04/2024 14:01:01,A
28/03/2024 00:00:00,28/03/2024,"NTS Energy Offtaken, Powerstations Total",179264310,30/03/2024 12:01:00,A
27/03/2024 00:00:00,27/03/2024,"NTS Energy Offtaken, Industrial Offtake Total",44309662,28/03/2024 12:01:01,L
27/03/2024 00:00:00,27/03/2024,"NTS Energy Offtaken, LDZ Offtake Total",1689081259,29/03/2024 14:01:01,A
27/03/2024 00:00:00,27/03/2024,"NTS Energy Offtaken, Powerstations Total",234124821,28/03/2024 12:01:01,A
26/03/2024 00:00:00,26/03/2024,"NTS Energy Offtaken, Industrial Offtake Total",44319440,27/03/2024 12:01:00,L
26/03/2024 00:00:00,26/03/2024,"NTS Energy Offtaken, LDZ Offtake Total",1550238374,27/03/2024 16:01:00,A
26/03/2024 00:00:00,26/03/2024,"NTS Energy Offtaken, Powerstations Total",432888499,28/03/2024 12:01:01,A
25/03/2024 00:00:00,25/03/2024,"NTS Energy Offtaken, Industrial Offtake Total",46267169,26/03/2024 14:01:01,A
25/03/2024 00:00:00,25/03/2024,"NTS Energy Offtaken, LDZ Offtake Total",1697478584,26/03/2024 16:01:00,A
25/03/2024 00:00:00,25/03/2024,"NTS Energy Offtaken, Powerstations Total",436865386,28/03/2024 12:01:01,A
24/03/2024 00:00:00,24/03/2024,"NTS Energy Offtaken, Industrial Offtake Total",42567020,25/03/2024 14:01:01,A
24/03/2024 00:00:00,24/03/2024,"NTS Energy Offtaken, LDZ Offtake Total",1502003793,26/03/2024 16:01:00,A
24/03/2024 00:00:00,24/03/2024,"NTS Energy Offtaken, Powerstations Total",312091314,25/03/2024 14:01:01,A
23/03/2024 00:00:00,23/03/2024,"NTS Energy Offtaken, Industrial Offtake Total",36829568,24/03/2024 12:01:00,L
23/03/2024 00:00:00,23/03/2024,"NTS Energy Offtaken, LDZ Offtake Total",1615472494,26/03/2024 16:01:00,A
23/03/2024 00:00:00,23/03/2024,"NTS Energy Offtaken, Powerstations Total",134037150,24/03/2024 12:01:00,A
22/03/2024 00:00:00,22/03/2024,"NTS Energy Offtaken, Industrial Offtake Total",43054152,23/03/2024 12:01:01,L
22/03/2024 00:00:00,22/03/2024,"NTS Energy Offtaken, LDZ Offtake Total",1485868356,25/03/2024 16:01:01,A
22/03/2024 00:00:00,22/03/2024,"NTS Energy Offtaken, Powerstations Total",191571634,23/03/2024 12:01:01,L
21/03/2024 00:00:00,21/03/2024,"NTS Energy Offtaken, Industrial Offtake Total",53252704,25/03/2024 12:01:01,A
21/03/2024 00:00:00,21/03/2024,"NTS Energy Offtaken, LDZ Offtake Total",1414370196,25/03/2024 14:01:01,A
21/03/2024 00:00:00,21/03/2024,"NTS Energy Offtaken, Powerstations Total",275498755,22/03/2024 16:01:01,A
20/03/2024 00:00:00,20/03/2024,"NTS Energy Offtaken, Industrial Offtake Total",66937616,22/03/2024 12:01:00,A
20/03/2024 00:00:00,20/03/2024,"NTS Energy Offtaken, LDZ Offtake Total",1330200336,25/03/2024 14:01:01,A
20/03/2024 00:00:00,20/03/2024,"NTS Energy Offtaken, Powerstations Total",607374742,22/03/2024 12:01:00,A
19/03/2024 00:00:00,19/03/2024,"NTS Energy Offtaken, Industrial Offtake Total",68184494,21/03/2024 12:01:01,A
19/03/2024 00:00:00,19/03/2024,"NTS Energy Offtaken, LDZ Offtake Total",1312344427,20/03/2024 14:01:01,A
19/03/2024 00:00:00,19/03/2024,"NTS Energy Offtaken, Powerstations Total",480105050,21/03/2024 14:01:01,A
18/03/2024 00:00:00,18/03/2024,"NTS Energy Offtaken, Industrial Offtake Total",66630658,20/03/2024 12:01:01,A
18/03/2024 00:00:00,18/03/2024,"NTS Energy Offtaken, LDZ Offtake Total",1337427617,23/03/2024 14:01:01,A
18/03/2024 00:00:00,18/03/2024,"NTS Energy Offtaken, Powerstations Total",339383837,19/03/2024 12:01:01,A
17/03/2024 00:00:00,17/03/2024,"NTS Energy Offtaken, Industrial Offtake Total",62211141,18/03/2024 16:01:00,A
17/03/2024 00:00:00,17/03/2024,"NTS Energy Offtaken, LDZ Offtake Total",1310191197,18/03/2024 16:01:00,A
17/03/2024 00:00:00,17/03/2024,"NTS Energy Offtaken, Powerstations Total",246172538,18/03/2024 14:01:00,A
16/03/2024 00:00:00,16/03/2024,"NTS Energy Offtaken, Industrial Offtake Total",65443795,18/03/2024 16:01:00,A
16/03/2024 00:00:00,16/03/2024,"NTS Energy Offtaken, LDZ Offtake Total",1459280100,18/03/2024 16:01:00,A
16/03/2024 00:00:00,16/03/2024,"NTS Energy Offtaken, Powerstations Total",301391374,19/03/2024 12:01:01,A
15/03/2024 00:00:00,15/03/2024,"NTS Energy Offtaken, Industrial Offtake Total",61677883,18/03/2024 16:01:00,A
15/03/2024 00:00:00,15/03/2024,"NTS Energy Offtaken, LDZ Offtake Total",1418216100,18/03/2024 16:01:00,A
15/03/2024 00:00:00,15/03/2024,"NTS Energy Offtaken, Powerstations Total",220010818,18/03/2024 16:01:00,A
14/03/2024 00:00:00,14/03/2024,"NTS Energy Offtaken, Industrial Offtake Total",62695468,15/03/2024 14:01:01,A
14/03/2024 00:00:00,14/03/2024,"NTS Energy Offtaken, LDZ Offtake Total",1475277542,19/03/2024 14:01:00,A
14/03/2024 00:00:00,14/03/2024,"NTS Energy Offtaken, Powerstations Total",263333213,15/03/2024 12:01:00,A
13/03/2024 00:00:00,13/03/2024,"NTS Energy Offtaken, Industrial Offtake Total",62368509,14/03/2024 12:01:01,L
13/03/2024 00:00:00,13/03/2024,"NTS Energy Offtaken, LDZ Offtake Total",1518675794,14/03/2024 14:01:01,A
13/03/2024 00:00:00,13/03/2024,"NTS Energy Offtaken, Powerstations Total",273294652,14/03/2024 14:01:01,A
12/03/2024 00:00:00,12/03/2024,"NTS Energy Offtaken, Industrial Offtake Total",64857960,13/03/2024 12:01:01,L
12/03/2024 00:00:00,12/03/2024,"NTS Energy Offtaken, LDZ Offtake Total",1714959983,13/03/2024 14:01:01,A
12/03/2024 00:00:00,12/03/2024,"NTS Energy Offtaken, Powerstations Total",494125016,13/03/2024 12:01:01,A
11/03/2024 00:00:00,11/03/2024,"NTS Energy Offtaken, Industrial Offtake Total",67024035,12/03/2024 14:01:00,A
11/03/2024 00:00:00,11/03/2024,"NTS Energy Offtaken, LDZ Offtake Total",1909140433,12/03/2024 14:01:00,A
11/03/2024 00:00:00,11/03/2024,"NTS Energy Offtaken, Powerstations Total",666944372,13/03/2024 12:01:01,A
10/03/2024 00:00:00,10/03/2024,"NTS Energy Offtaken, Industrial Offtake Total",62080078,12/03/2024 12:01:01,A
10/03/2024 00:00:00,10/03/2024,"NTS Energy Offtaken, LDZ Offtake Total",1748901218,11/03/2024 14:01:01,A
10/03/2024 00:00:00,10/03/2024,"NTS Energy Offtaken, Powerstations Total",252770206,11/03/2024 14:01:01,A
09/03/2024 00:00:00,09/03/2024,"NTS Energy Offtaken, Industrial Offtake Total",59748324,10/03/2024 12:01:00,L
09/03/2024 00:00:00,09/03/2024,"NTS Energy Offtaken, LDZ Offtake Total",1710753041,11/03/2024 14:01:01,A
09/03/2024 00:00:00,09/03/2024,"NTS Energy Offtaken, Powerstations Total",169188412,11/03/2024 14:01:01,A
08/03/2024 00:00:00,08/03/2024,"NTS Energy Offtaken, Industrial Offtake Total",62667305,11/03/2024 12:01:01,A
08/03/2024 00:00:00,08/03/2024,"NTS Energy Offtaken, LDZ Offtake Total",1925512608,12/03/2024 16:01:01,A
08/03/2024 00:00:00,08/03/2024,"NTS Energy Offtaken, Powerstations Total",214112515,11/03/2024 14:01:01,A
07/03/2024 00:00:00,07/03/2024,"NTS Energy Offtaken, Industrial Offtake Total",60699374,08/03/2024 14:01:00,A
07/03/2024 00:00:00,07/03/2024,"NTS Energy Offtaken, LDZ Offtake Total",1937640980,08/03/2024 16:01:01,A
07/03/2024 00:00:00,07/03/2024,"NTS Energy Offtaken, Powerstations Total",358963177,08/03/2024 12:01:01,A
06/03/2024 00:00:00,06/03/2024,"NTS Energy Offtaken, Industrial Offtake Total",63729986,07/03/2024 14:01:00,A
06/03/2024 00:00:00,06/03/2024,"NTS Energy Offtaken, LDZ Offtake Total",1860908443,07/03/2024 17:01:00,A
06/03/2024 00:00:00,06/03/2024,"NTS Energy Offtaken, Powerstations Total",633843930,08/03/2024 14:01:00,A
05/03/2024 00:00:00,05/03/2024,"NTS Energy Offtaken, Industrial Offtake Total",64174893,06/03/2024 12:01:00,L
05/03/2024 00:00:00,05/03/2024,"NTS Energy Offtaken, LDZ Offtake Total",1838991116,07/03/2024 17:01:00,A
05/03/2024 00:00:00,05/03/2024,"NTS Energy Offtaken, Powerstations Total",642621610,06/03/2024 14:01:01,A
04/03/2024 00:00:00,04/03/2024,"NTS Energy Offtaken, Industrial Offtake Total",65643056,08/03/2024 12:01:01,A
04/03/2024 00:00:00,04/03/2024,"NTS Energy Offtaken, LDZ Offtake Total",1995913001,05/03/2024 16:01:01,A
04/03/2024 00:00:00,04/03/2024,"NTS Energy Offtaken, Powerstations Total",497967795,06/03/2024 12:01:00,A
03/03/2024 00:00:00,03/03/2024,"NTS Energy Offtaken, Industrial Offtake Total",67866346,08/03/2024 12:01:01,A
03/03/2024 00:00:00,03/03/2024,"NTS Energy Offtaken, LDZ Offtake Total",1948560940,04/03/2024 16:01:00,A
03/03/2024 00:00:00,03/03/2024,"NTS Energy Offtaken, Powerstations Total",534853538,04/03/2024 12:01:01,A
02/03/2024 00:00:00,02/03/2024,"NTS Energy Offtaken, Industrial Offtake Total",64577051,04/03/2024 12:01:01,A
02/03/2024 00:00:00,02/03/2024,"NTS Energy Offtaken, LDZ Offtake Total",2021434611,04/03/2024 16:01:00,A
02/03/2024 00:00:00,02/03/2024,"NTS Energy Offtaken, Powerstations Total",365893350,05/03/2024 16:01:01,A
01/03/2024 00:00:00,01/03/2024,"NTS Energy Offtaken, Industrial Offtake Total",66419015,03/03/2024 12:01:01,A
01/03/2024 00:00:00,01/03/2024,"NTS Energy Offtaken, LDZ Offtake Total",2119038027,04/03/2024 16:01:00,A
01/03/2024 00:00:00,01/03/2024,"NTS Energy Offtaken, Powerstations Total",399898269,05/03/2024 15:01:00,A
29/02/2024 00:00:00,29/02/2024,"NTS Energy Offtaken, Industrial Offtake Total",65416885,01/03/2024 16:01:00,A
29/02/2024 00:00:00,29/02/2024,"NTS Energy Offtaken, LDZ Offtake Total",1804825757,02/03/2024 14:01:01,A
29/02/2024 00:00:00,29/02/2024,"NTS Energy Offtaken, Powerstations Total",475444481,01/03/2024 14:01:00,A
28/02/2024 00:00:00,28/02/2024,"NTS Energy Offtaken, Industrial Offtake Total",64093529,29/02/2024 14:01:01,A
28/02/2024 00:00:00,28/02/2024,"NTS Energy Offtaken, LDZ Offtake Total",1881909181,29/02/2024 16:01:00,A
28/02/2024 00:00:00,28/02/2024,"NTS Energy Offtaken, Powerstations Total",484066765,29/02/2024 12:01:01,A
27/02/2024 00:00:00,27/02/2024,"NTS Energy Offtaken, Industrial Offtake Total",64706458,28/02/2024 14:01:01,A
27/02/2024 00:00:00,27/02/2024,"NTS Energy Offtaken, LDZ Offtake Total",2118098729,28/02/2024 16:01:01,A
27/02/2024 00:00:00,27/02/2024,"NTS Energy Offtaken, Powerstations Total",661884875,29/02/2024 14:01:01,A
26/02/2024 00:00:00,26/02/2024,"NTS Energy Offtaken, Industrial Offtake Total",64832886,27/02/2024 14:01:01,A
26/02/2024 00:00:00,26/02/2024,"NTS Energy Offtaken, LDZ Offtake Total",2143403459,27/02/2024 16:01:00,A
26/02/2024 00:00:00,26/02/2024,"NTS Energy Offtaken, Powerstations Total",543890749,28/02/2024 12:01:00,A
25/02/2024 00:00:00,25/02/2024,"NTS Energy Offtaken, Industrial Offtake Total",62388123,26/02/2024 14:01:01,A
25/02/2024 00:00:00,25/02/2024,"NTS Energy Offtaken, LDZ Offtake Total",2026859939,26/02/2024 16:01:00,A
25/02/2024 00:00:00,25/02/2024,"NTS Energy Offtaken, Powerstations Total",424881486,26/02/2024 14:01:01,A
24/02/2024 00:00:00,24/02/2024,"NTS Energy Offtaken, Industrial Offtake Total",66490595,26/02/2024 14:01:01,A
24/02/2024 00:00:00,24/02/2024,"NTS Energy Offtaken, LDZ Offtake Total",1951028125,26/02/2024 16:01:00,A
24/02/2024 00:00:00,24/02/2024,"NTS Energy Offtaken, Powerstations Total",599464350,28/02/2024 12:01:00,A
23/02/2024 00:00:00,23/02/2024,"NTS Energy Offtaken, Industrial Offtake Total",66827579,25/02/2024 12:01:00,A
23/02/2024 00:00:00,23/02/2024,"NTS Energy Offtaken, LDZ Offtake Total",2001290418,26/02/2024 16:01:00,A
23/02/2024 00:00:00,23/02/2024,"NTS Energy Offtaken, Powerstations Total",461399858,24/02/2024 12:01:01,A
22/02/2024 00:00:00,22/02/2024,"NTS Energy Offtaken, Industrial Offtake Total",61757020,23/02/2024 12:01:00,L
22/02/2024 00:00:00,22/02/2024,"NTS Energy Offtaken, LDZ Offtake Total",1911640742,23/02/2024 16:01:01,A
22/02/2024 00:00:00,22/02/2024,"NTS Energy Offtaken, Powerstations Total",295802262,23/02/2024 12:01:00,A
21/02/2024 00:00:00,21/02/2024,"NTS Energy Offtaken, Industrial Offtake Total",63631892,22/02/2024 14:01:01,A
21/02/2024 00:00:00,21/02/2024,"NTS Energy Offtaken, LDZ Offtake Total",1689527890,22/02/2024 16:01:00,A
21/02/2024 00:00:00,21/02/2024,"NTS Energy Offtaken, Powerstations Total",191128835,22/02/2024 14:01:01,A
20/02/2024 00:00:00,20/02/2024,"NTS Energy Offtaken, Industrial Offtake Total",62927406,21/02/2024 16:01:00,A
20/02/2024 00:00:00,20/02/2024,"NTS Energy Offtaken, LDZ Offtake Total",1653871797,21/02/2024 16:01:00,A
20/02/2024 00:00:00,20/02/2024,"NTS Energy Offtaken, Powerstations Total",271711520,21/02/2024 12:01:00,A
19/02/2024 00:00:00,19/02/2024,"NTS Energy Offtaken, Industrial Offtake Total",67239588,20/02/2024 14:01:00,A
19/02/2024 00:00:00,19/02/2024,"NTS Energy Offtaken, LDZ Offtake Total",1556426164,20/02/2024 16:01:01,A
19/02/2024 00:00:00,19/02/2024,"NTS Energy Offtaken, Powerstations Total",310515645,21/02/2024 12:01:00,A
18/02/2024 00:00:00,18/02/2024,"NTS Energy Offtaken, Industrial Offtake Total",65146681,19/02/2024 14:01:00,A
18/02/2024 00:00:00,18/02/2024,"NTS Energy Offtaken, LDZ Offtake Total",1313347931,20/02/2024 14:01:00,A
18/02/2024 00:00:00,18/02/2024,"NTS Energy Offtaken, Powerstations Total",246584604,21/02/2024 16:01:00,A
17/02/2024 00:00:00,17/02/2024,"NTS Energy Offtaken, Industrial Offtake Total",68392337,18/02/2024 14:01:00,A
17/02/2024 00:00:00,17/02/2024,"NTS Energy Offtaken, LDZ Offtake Total",1394866332,19/02/2024 16:01:00,A
17/02/2024 00:00:00,17/02/2024,"NTS Energy Offtaken, Powerstations Total",289684344,19/02/2024 16:01:00,A
16/02/2024 00:00:00,16/02/2024,"NTS Energy Offtaken, Industrial Offtake Total",68344763,17/02/2024 12:01:01,L
16/02/2024 00:00:00,16/02/2024,"NTS Energy Offtaken, LDZ Offtake Total",1415430563,19/02/2024 16:01:00,A
16/02/2024 00:00:00,16/02/2024,"NTS Energy Offtaken, Powerstations Total",499021665,19/02/2024 16:01:00,A
15/02/2024 00:00:00,15/02/2024,"NTS Energy Offtaken, Industrial Offtake Total",60614888,16/02/2024 14:01:01,A
15/02/2024 00:00:00,15/02/2024,"NTS Energy Offtaken, LDZ Offtake Total",1350753903,19/02/2024 14:01:00,A
15/02/2024 00:00:00,15/02/2024,"NTS Energy Offtaken, Powerstations Total",444821879,16/02/2024 12:01:01,A
14/02/2024 00:00:00,14/02/2024,"NTS Energy Offtaken, Industrial Offtake Total",56544299,15/02/2024 12:01:01,L
14/02/2024 00:00:00,14/02/2024,"NTS Energy Offtaken, LDZ Offtake Total",1612379885,16/02/2024 16:01:01,A
14/02/2024 00:00:00,14/02/2024,"NTS Energy Offtaken, Powerstations Total",471853874,15/02/2024 12:01:01,A
13/02/2024 00:00:00,13/02/2024,"NTS Energy Offtaken, Industrial Offtake Total",61225986,14/02/2024 16:01:00,A
13/02/2024 00:00:00,13/02/2024,"NTS Energy Offtaken, LDZ Offtake Total",1929730335,16/02/2024 16:01:01,A
13/02/2024 00:00:00,13/02/2024,"NTS Energy Offtaken, Powerstations Total",539134964,15/02/2024 14:01:01,A
12/02/2024 00:00:00,12/02/2024,"NTS Energy Offtaken, Industrial Offtake Total",57823577,14/02/2024 14:01:01,A
12/02/2024 00:00:00,12/02/2024,"NTS Energy Offtaken, LDZ Offtake Total",1927738653,14/02/2024 14:01:01,A
12/02/2024 00:00:00,12/02/2024,"NTS Energy Offtaken, Powerstations Total",500308068,15/02/2024 10:01:00,A
11/02/2024 00:00:00,11/02/2024,"NTS Energy Offtaken, Industrial Offtake Total",60758896,13/02/2024 12:01:01,A
11/02/2024 00:00:00,11/02/2024,"NTS Energy Offtaken, LDZ Offtake Total",1733896350,13/02/2024 18:01:01,A
11/02/2024 00:00:00,11/02/2024,"NTS Energy Offtaken, Powerstations Total",446014052,15/02/2024 10:01:00,A
10/02/2024 00:00:00,10/02/2024,"NTS Energy Offtaken, Industrial Offtake Total",63986605,12/02/2024 16:01:01,A
10/02/2024 00:00:00,10/02/2024,"NTS Energy Offtaken, LDZ Offtake Total",1657937197,14/02/2024 14:01:01,A
10/02/2024 00:00:00,10/02/2024,"NTS Energy Offtaken, Powerstations Total",531794657,15/02/2024 10:01:00,A
09/02/2024 00:00:00,09/02/2024,"NTS Energy Offtaken, Industrial Offtake Total",62747497,12/02/2024 14:01:01,A
09/02/2024 00:00:00,09/02/2024,"NTS Energy Offtaken, LDZ Offtake Total",1871991233,12/02/2024 16:01:01,A
09/02/2024 00:00:00,09/02/2024,"NTS Energy Offtaken, Powerstations Total",301950154,15/02/2024 10:01:00,A
08/02/2024 00:00:00,08/02/2024,"NTS Energy Offtaken, Industrial Offtake Total",64060186,09/02/2024 16:01:00,A
08/02/2024 00:00:00,08/02/2024,"NTS Energy Offtaken, LDZ Offtake Total",2194322417,09/02/2024 16:01:00,A
08/02/2024 00:00:00,08/02/2024,"NTS Energy Offtaken, Powerstations Total",458086220,12/02/2024 14:01:01,A
07/02/2024 00:00:00,07/02/2024,"NTS Energy Offtaken, Industrial Offtake Total",65091199,08/02/2024 12:01:01,L
07/02/2024 00:00:00,07/02/2024,"NTS Energy Offtaken, LDZ Offtake Total",2050922234,08/02/2024 16:01:00,A
07/02/2024 00:00:00,07/02/2024,"NTS Energy Offtaken, Powerstations Total",779742421,09/02/2024 12:01:01,A
06/02/2024 00:00:00,06/02/2024,"NTS Energy Offtaken, Industrial Offtake Total",61646221,07/02/2024 12:01:00,L
06/02/2024 00:00:00,06/02/2024,"NTS Energy Offtaken, LDZ Offtake Total",1735024412,08/02/2024 16:01:00,A
06/02/2024 00:00:00,06/02/2024,"NTS Energy Offtaken, Powerstations Total",354762732,08/02/2024 16:01:00,A
05/02/2024 00:00:00,05/02/2024,"NTS Energy Offtaken, Industrial Offtake Total",58358083,06/02/2024 14:01:01,A
05/02/2024 00:00:00,05/02/2024,"NTS Energy Offtaken, LDZ Offtake Total",1699146670,08/02/2024 16:01:00,A
05/02/2024 00:00:00,05/02/2024,"NTS Energy Offtaken, Powerstations Total",158435110,08/02/2024 14:01:00,A
04/02/2024 00:00:00,04/02/2024,"NTS Energy Offtaken, Industrial Offtake Total",58069782,05/02/2024 12:01:00,L
04/02/2024 00:00:00,04/02/2024,"NTS Energy Offtaken, LDZ Offtake Total",1550582483,08/02/2024 14:01:00,A
04/02/2024 00:00:00,04/02/2024,"NTS Energy Offtaken, Powerstations Total",131855970,08/02/2024 14:01:00,A
03/02/2024 00:00:00,03/02/2024,"NTS Energy Offtaken, Industrial Offtake Total",58346033,05/02/2024 12:01:00,A
03/02/2024 00:00:00,03/02/2024,"NTS Energy Offtaken, LDZ Offtake Total",1495657173,08/02/2024 14:01:00,A
03/02/2024 00:00:00,03/02/2024,"NTS Energy Offtaken, Powerstations Total",165922447,08/02/2024 12:01:01,A
02/02/2024 00:00:00,02/02/2024,"NTS Energy Offtaken, Industrial Offtake Total",56691354,04/02/2024 12:01:00,A
02/02/2024 00:00:00,02/02/2024,"NTS Energy Offtaken, LDZ Offtake Total",1737524577,06/02/2024 17:01:01,A
02/02/2024 00:00:00,02/02/2024,"NTS Energy Offtaken, Powerstations Total",167301575,06/02/2024 14:01:01,A
01/02/2024 00:00:00,01/02/2024,"NTS Energy Offtaken, Industrial Offtake Total",62032399,02/02/2024 14:01:00,A
01/02/2024 00:00:00,01/02/2024,"NTS Energy Offtaken, LDZ Offtake Total",1973840595,05/02/2024 16:01:01,A
01/02/2024 00:00:00,01/02/2024,"NTS Energy Offtaken, Powerstations Total",402082080,05/02/2024 12:01:00,A
31/01/2024 00:00:00,31/01/2024,"NTS Energy Offtaken, Industrial Offtake Total",59686806,01/02/2024 12:01:01,L
31/01/2024 00:00:00,31/01/2024,"NTS Energy Offtaken, LDZ Offtake Total",2088752846,05/02/2024 16:01:01,A
31/01/2024 00:00:00,31/01/2024,"NTS Energy Offtaken, Powerstations Total",349535528,01/02/2024 12:01:01,A
30/01/2024 00:00:00,30/01/2024,"NTS Energy Offtaken, Industrial Offtake Total",62985280,31/01/2024 16:01:00,A
30/01/2024 00:00:00,30/01/2024,"NTS Energy Offtaken, LDZ Offtake Total",1913418620,03/02/2024 14:01:00,A
30/01/2024 00:00:00,30/01/2024,"NTS Energy Offtaken, Powerstations Total",551333208,31/01/2024 16:01:00,A
29/01/2024 00:00:00,29/01/2024,"NTS Energy Offtaken, Industrial Offtake Total",61378513,30/01/2024 12:01:01,L
29/01/2024 00:00:00,29/01/2024,"NTS Energy Offtaken, LDZ Offtake Total",1753453642,03/02/2024 14:01:00,A
29/01/2024 00:00:00,29/01/2024,"NTS Energy Offtaken, Powerstations Total",632587358,01/02/2024 12:01:01,A
28/01/2024 00:00:00,28/01/2024,"NTS Energy Offtaken, Industrial Offtake Total",59358378,29/01/2024 14:01:00,A
28/01/2024 00:00:00,28/01/2024,"NTS Energy Offtaken, LDZ Offtake Total",1821190235,31/01/2024 16:01:00,A
28/01/2024 00:00:00,28/01/2024,"NTS Energy Offtaken, Powerstations Total",191122510,01/02/2024 12:01:01,A
27/01/2024 00:00:00,27/01/2024,"NTS Energy Offtaken, Industrial Offtake Total",60078040,29/01/2024 12:01:01,A
27/01/2024 00:00:00,27/01/2024,"NTS Energy Offtaken, LDZ Offtake Total",1946694157,31/01/2024 16:01:00,A
27/01/2024 00:00:00,27/01/2024,"NTS Energy Offtaken, Powerstations Total",275300920,31/01/2024 16:01:00,A
26/01/2024 00:00:00,26/01/2024,"NTS Energy Offtaken, Industrial Offtake Total",60512545,30/01/2024 16:01:01,A
26/01/2024 00:00:00,26/01/2024,"NTS Energy Offtaken, LDZ Offtake Total",1853346559,31/01/2024 16:01:00,A
26/01/2024 00:00:00,26/01/2024,"NTS Energy Offtaken, Powerstations Total",241175961,30/01/2024 16:01:01,A
25/01/2024 00:00:00,25/01/2024,"NTS Energy Offtaken, Industrial Offtake Total",60644362,30/01/2024 16:01:01,A
25/01/2024 00:00:00,25/01/2024,"NTS Energy Offtaken, LDZ Offtake Total",1812267985,29/01/2024 18:01:00,A
25/01/2024 00:00:00,25/01/2024,"NTS Energy Offtaken, Powerstations Total",447585858,30/01/2024 16:01:01,A
24/01/2024 00:00:00,24/01/2024,"NTS Energy Offtaken, Industrial Offtake Total",59653503,25/01/2024 14:01:00,A
24/01/2024 00:00:00,24/01/2024,"NTS Energy Offtaken, LDZ Offtake Total",1815487831,29/01/2024 18:01:00,A
24/01/2024 00:00:00,24/01/2024,"NTS Energy Offtaken, Powerstations Total",380926111,25/01/2024 12:01:00,A
23/01/2024 00:00:00,23/01/2024,"NTS Energy Offtaken, Industrial Offtake Total",59826215,24/01/2024 14:01:01,A
23/01/2024 00:00:00,23/01/2024,"NTS Energy Offtaken, LDZ Offtake Total",2009552743,26/01/2024 14:01:00,A
23/01/2024 00:00:00,23/01/2024,"NTS Energy Offtaken, Powerstations Total",363909012,24/01/2024 12:01:01,A
22/01/2024 00:00:00,22/01/2024,"NTS Energy Offtaken, Industrial Offtake Total",58094268,23/01/2024 16:01:01,A
22/01/2024 00:00:00,22/01/2024,"NTS Energy Offtaken, LDZ Offtake Total",1974739606,26/01/2024 14:01:00,A
22/01/2024 00:00:00,22/01/2024,"NTS Energy Offtaken, Powerstations Total",272066189,24/01/2024 14:01:01,A
21/01/2024 00:00:00,21/01/2024,"NTS Energy Offtaken, Industrial Offtake Total",58023572,23/01/2024 12:01:00,A
21/01/2024 00:00:00,21/01/2024,"NTS Energy Offtaken, LDZ Offtake Total",1983460675,25/01/2024 16:01:01,A
21/01/2024 00:00:00,21/01/2024,"NTS Energy Offtaken, Powerstations Total",276480939,22/01/2024 12:01:01,A
20/01/2024 00:00:00,20/01/2024,"NTS Energy Offtaken, Industrial Offtake Total",60324470,22/01/2024 12:01:01,A
20/01/2024 00:00:00,20/01/2024,"NTS Energy Offtaken, LDZ Offtake Total",2382062510,25/01/2024 16:01:01,A
20/01/2024 00:00:00,20/01/2024,"NTS Energy Offtaken, Powerstations Total",381102222,21/01/2024 12:01:00,A
19/01/2024 00:00:00,19/01/2024,"NTS Energy Offtaken, Industrial Offtake Total",63330775,22/01/2024 12:01:01,A
19/01/2024 00:00:00,19/01/2024,"NTS Energy Offtaken, LDZ Offtake Total",2719448157,22/01/2024 16:01:01,A
19/01/2024 00:00:00,19/01/2024,"NTS Energy Offtaken, Powerstations Total",733279651,20/01/2024 12:01:01,A
18/01/2024 00:00:00,18/01/2024,"NTS Energy Offtaken, Industrial Offtake Total",76943074,19/01/2024 12:01:00,L
18/01/2024 00:00:00,18/01/2024,"NTS Energy Offtaken, LDZ Offtake Total",2946288870,22/01/2024 16:01:01,A
18/01/2024 00:00:00,18/01/2024,"NTS Energy Offtaken, Powerstations Total",921159044,19/01/2024 12:01:00,A
17/01/2024 00:00:00,17/01/2024,"NTS Energy Offtaken, Industrial Offtake Total",78716868,18/01/2024 12:01:00,L
17/01/2024 00:00:00,17/01/2024,"NTS Energy Offtaken, LDZ Offtake Total",2791697460,22/01/2024 16:01:01,A
17/01/2024 00:00:00,17/01/2024,"NTS Energy Offtaken, Powerstations Total",988146242,18/01/2024 12:01:00,A
16/01/2024 00:00:00,16/01/2024,"NTS Energy Offtaken, Industrial Offtake Total",75298683,17/01/2024 12:01:01,L
16/01/2024 00:00:00,16/01/2024,"NTS Energy Offtaken, LDZ Offtake Total",2733066667,20/01/2024 16:01:00,A
16/01/2024 00:00:00,16/01/2024,"NTS Energy Offtaken, Powerstations Total",927657777,17/01/2024 16:01:00,A
15/01/2024 00:00:00,15/01/2024,"NTS Energy Offtaken, Industrial Offtake Total",71084517,16/01/2024 14:01:01,A
15/01/2024 00:00:00,15/01/2024,"NTS Energy Offtaken, LDZ Offtake Total",2668999480,19/01/2024 16:01:00,A
15/01/2024 00:00:00,15/01/2024,"NTS Energy Offtaken, Powerstations Total",849968279,17/01/2024 16:01:00,A
14/01/2024 00:00:00,14/01/2024,"NTS Energy Offtaken, Industrial Offtake Total",60772243,15/01/2024 14:01:00,A
14/01/2024 00:00:00,14/01/2024,"NTS Energy Offtaken, LDZ Offtake Total",2252714374,17/01/2024 16:01:00,A
14/01/2024 00:00:00,14/01/2024,"NTS Energy Offtaken, Powerstations Total",429313527,16/01/2024 16:01:00,A
13/01/2024 00:00:00,13/01/2024,"NTS Energy Offtaken, Industrial Offtake Total",63023014,14/01/2024 12:01:00,L
13/01/2024 00:00:00,13/01/2024,"NTS Energy Offtaken, LDZ Offtake Total",2196764999,17/01/2024 16:01:00,A
13/01/2024 00:00:00,13/01/2024,"NTS Energy Offtaken, Powerstations Total",692525752,14/01/2024 12:01:00,A
12/01/2024 00:00:00,12/01/2024,"NTS Energy Offtaken, Industrial Offtake Total",81891737,13/01/2024 12:01:00,L
12/01/2024 00:00:00,12/01/2024,"NTS Energy Offtaken, LDZ Offtake Total",2357103276,17/01/2024 16:01:00,A
12/01/2024 00:00:00,12/01/2024,"NTS Energy Offtaken, Powerstations Total",964307918,16/01/2024 16:01:00,A
11/01/2024 00:00:00,11/01/2024,"NTS Energy Offtaken, Industrial Offtake Total",80730551,12/01/2024 12:01:01,L
11/01/2024 00:00:00,11/01/2024,"NTS Energy Offtaken, LDZ Offtake Total",2482961954,16/01/2024 14:01:01,A
11/01/2024 00:00:00,11/01/2024,"NTS Energy Offtaken, Powerstations Total",1020497191,15/01/2024 12:01:01,A
10/01/2024 00:00:00,10/01/2024,"NTS Energy Offtaken, Industrial Offtake Total",83254035,11/01/2024 12:01:00,L
10/01/2024 00:00:00,10/01/2024,"NTS Energy Offtaken, LDZ Offtake Total",2597050077,13/01/2024 15:01:01,A
10/01/2024 00:00:00,10/01/2024,"NTS Energy Offtaken, Powerstations Total",1004092833,15/01/2024 14:01:00,A
09/01/2024 00:00:00,09/01/2024,"NTS Energy Offtaken, Industrial Offtake Total",67223311,10/01/2024 12:01:00,L
09/01/2024 00:00:00,09/01/2024,"NTS Energy Offtaken, LDZ Offtake Total",2623984834,13/01/2024 15:01:01,A
09/01/2024 00:00:00,09/01/2024,"NTS Energy Offtaken, Powerstations Total",913591907,11/01/2024 12:01:00,A
08/01/2024 00:00:00,08/01/2024,"NTS Energy Offtaken, Industrial Offtake Total",61889382,09/01/2024 12:01:00,L
08/01/2024 00:00:00,08/01/2024,"NTS Energy Offtaken, LDZ Offtake Total",2609536432,11/01/2024 16:01:01,A
08/01/2024 00:00:00,08/01/2024,"NTS Energy Offtaken, Powerstations Total",850718267,10/01/2024 12:01:00,A
07/01/2024 00:00:00,07/01/2024,"NTS Energy Offtaken, Industrial Offtake Total",59501304,08/01/2024 14:01:01,A
07/01/2024 00:00:00,07/01/2024,"NTS Energy Offtaken, LDZ Offtake Total",2259976245,10/01/2024 16:01:00,A
07/01/2024 00:00:00,07/01/2024,"NTS Energy Offtaken, Powerstations Total",614026367,08/01/2024 12:01:01,A
06/01/2024 00:00:00,06/01/2024,"NTS Energy Offtaken, Industrial Offtake Total",59448784,09/01/2024 12:01:00,A
06/01/2024 00:00:00,06/01/2024,"NTS Energy Offtaken, LDZ Offtake Total",2031388721,09/01/2024 16:01:01,A
06/01/2024 00:00:00,06/01/2024,"NTS Energy Offtaken, Powerstations Total",586177574,08/01/2024 16:01:01,A
05/01/2024 00:00:00,05/01/2024,"NTS Energy Offtaken, Industrial Offtake Total",59737216,08/01/2024 14:01:01,A
05/01/2024 00:00:00,05/01/2024,"NTS Energy Offtaken, LDZ Offtake Total",2003624778,09/01/2024 16:01:01,A
05/01/2024 00:00:00,05/01/2024,"NTS Energy Offtaken, Powerstations Total",595115998,07/01/2024 12:01:01,A
04/01/2024 00:00:00,04/01/2024,"NTS Energy Offtaken, Industrial Offtake Total",58418308,06/01/2024 12:01:01,A
04/01/2024 00:00:00,04/01/2024,"NTS Energy Offtaken, LDZ Offtake Total",1926095831,09/01/2024 16:01:01,A
04/01/2024 00:00:00,04/01/2024,"NTS Energy Offtaken, Powerstations Total",692516947,05/01/2024 14:01:01,A
03/01/2024 00:00:00,03/01/2024,"NTS Energy Offtaken, Industrial Offtake Total",54137931,04/01/2024 12:01:00,L
03/01/2024 00:00:00,03/01/2024,"NTS Energy Offtaken, LDZ Offtake Total",1784729659,04/01/2024 16:01:01,A
03/01/2024 00:00:00,03/01/2024,"NTS Energy Offtaken, Powerstations Total",454236789,04/01/2024 12:01:00,A
02/01/2024 00:00:00,02/01/2024,"NTS Energy Offtaken, Industrial Offtake Total",47760935,04/01/2024 14:01:00,A
02/01/2024 00:00:00,02/01/2024,"NTS Energy Offtaken, LDZ Offtake Total",1694715435,04/01/2024 16:01:01,A
02/01/2024 00:00:00,02/01/2024,"NTS Energy Offtaken, Powerstations Total",356270509,04/01/2024 14:01:00,A
01/01/2024 00:00:00,01/01/2024,"NTS Energy Offtaken, Industrial Offtake Total",42324306,03/01/2024 14:01:00,A
01/01/2024 00:00:00,01/01/2024,"NTS Energy Offtaken, LDZ Offtake Total",1715257802,05/01/2024 16:01:00,A
01/01/2024 00:00:00,01/01/2024,"NTS Energy Offtaken, Powerstations Total",209053315,03/01/2024 14:01:00,A